{
    "chro0": {
        "code": [
            14,
            0,
            11,
            12,
            11,
            2,
            16,
            3,
            7,
            14,
            3,
            2,
            4,
            16,
            7,
            8,
            13,
            10
        ],
        "weight": 384.4984806816011,
        "fitness": 443.31767473784305
    }
}